<?xml version="1.0" encoding="UTF-8" standalone="yes"?>
<addon id="plugin.video.mundocine"
       name="[COLOR white]Mundo[/COLOR] [COLOR grey]Cine[/COLOR]"
       version="1.0.5"
       provider-name="Toni clasico">
  <requires>
    <import addon="xbmc.python" version="2.1.0"/>
    <import addon="script.module.beautifulsoup" version="3.2.1"/>
    <import addon="script.module.simple.downloader" version="0.9.4"/>
    <import addon="script.module.beautifulsoup4" />
    <import addon="script.module.requests" />
    <import addon="script.module.httplib2" />
    <import addon="script.module.liveresolver" version="0.1.24" optional="true"/>
    <import addon="script.module.youtube.dl" />
    <import addon="plugin.video.youtube" />
    <import addon="script.module.urlresolver" />
	<import addon="script.module.simplejson" />
    <import addon="script.module.livestreamer" optional="true"/>
    <import addon="script.module.pyamf" optional="true"/>
  </requires>
  <extension point="xbmc.python.pluginsource" library="default.py">
    <provides>video</provides>
  </extension>
  
  <extension point="xbmc.addon.metadata">
    <summary lang="en">[COLOR white]Mundo[/COLOR] [COLOR grey]Cine[/COLOR]</summary>
    <description lang="en">[COLOR grey]Vive todo el cine clasico.[/COLOR].</description>
    <platform>all</platform>
	  <assets>
		<icon>icon.gif</icon>
		<fanart>fanart.jpg</fanart>
	  </assets>
  </extension>
</addon>
