<?xml version="1.0" encoding="UTF-8" standalone="yes"?>
<addon id="plugin.program.nereowizard" name="NEREO [COLOR deepskyblue]WIZARD[/COLOR]" version="1.0" provider-name="Canal Nereo Kodi">
  <requires>
    <import addon="xbmc.python" version="2.1.0"/>
  </requires>
  <extension point="xbmc.python.pluginsource" library="default.py">
    <provides>executable</provides>
  </extension>
  <extension point="xbmc.service" library="startup.py" start="startup" />
  <extension point="xbmc.addon.metadata">
    <summary lang="en">NEREO [COLOR deepskyblue]WIZARD[/COLOR]</summary>
    <description lang="en">Addon instalador de los wizards Canal Nereo para Kodi 17 y 18
Fuente: http://canalnereo.com/canalnereo/
Telegram: https://t.me/CanalNereoTV</description>
    <platform>all</platform>
  </extension>
</addon>
