<keymap>
    <global>
        <keyboard>
            <key id="61488">stop</key>
            <key id="61497">audionextlanguage</key>
            <key id="61495">nextsubtitle</key>
            <key id="61496">switchplayer</key>
            <key id="61491">codecinfo</key>
        </keyboard>
    </global>
    <fullscreenlivetv>
        <keyboard><key id="61573">channelup</key>
            <key id="61572">channeldown</key>
        </keyboard></fullscreenlivetv>
    <fullscreenvideo>
        <keyboard>
            <key id="61573">skipnext</key>
            <key id="61572">skipprevious</key>
        </keyboard>
    </fullscreenvideo>
</keymap>
